Flight Time,Time,Flight Number,Departure Station,Arrival Station,InternationalDesc,FarePrice
2026-10-01,06:45,AK 126,KUL,LGK,Domestic,131.27
2026-10-01,07:15,AK 207,KUL,MYY,Domestic,223.11
2026-10-01,08:45,AK 151,KUL,KTA,Domestic,150.85
2026-10-01,09:00,AK 167,KUL,TGG,Domestic,125.53
2026-10-01,09:00,AK 266,KUL,DPS,International,406.84
2026-10-01,10:45,AK 287,KUL,KNO,International,289.96
2026-10-01,11:15,AK 109,KUL,PEN,Domestic,116.52
2026-10-01,11:15,AK 129,KUL,LGK,Domestic,140.16
2026-10-01,11:30,AK 199,KUL,KCH,Domestic,280.32
2026-10-01,12:00,AK 291,KUL,KNO,International,442.59
2026-10-01,12:15,AK 308,KUL,SUB,International,390.4
2026-10-01,12:45,AK 236,KUL,SIN,International,285.54
2026-10-01,13:45,AK 273,KUL,DPS,International,446.44
2026-10-01,14:30,AK 223,KUL,TWU,Domestic,341.27
2026-10-01,14:30,AK 242,KUL,SIN,International,383.66
2026-10-01,14:45,AK 112,KUL,PEN,Domestic,116.46
2026-10-01,16:00,AK 178,KUL,BKI,Domestic,315.87
2026-10-01,16:15,AK 278,KUL,DPS,International,423.14
2026-10-01,16:30,AK 298,KUL,KNO,International,307.44
2026-10-01,16:30,AK 138,KUL,LGK,Domestic,133.9
2026-10-01,17:15,AK 302,KUL,KNO,International,307.0
2026-10-01,19:00,AK 123,KUL,JHB,Domestic,96.04
2026-10-01,19:00,AK 215,KUL,SDK,Domestic,277.94
2026-10-01,19:45,AK 318,KUL,SUB,International,380.07
2026-10-01,20:00,AK 226,KUL,TWU,Domestic,404.19
2026-10-01,21:15,AK 283,KUL,DPS,International,530.43
2026-10-01,22:00,AK 320,KUL,SUB,International,415.84
2026-10-01,22:15,AK 231,KUL,TWU,Domestic,359.17
2026-10-01,22:15,AK 141,KUL,LGK,Domestic,149.39
2026-10-01,22:15,AK 204,KUL,KCH,Domestic,225.45
2026-10-02,06:45,AK 126,KUL,LGK,Domestic,201.66
2026-10-02,07:00,AK 163,KUL,TGG,Domestic,176.17
2026-10-02,07:15,AK 207,KUL,MYY,Domestic,278.14
2026-10-02,07:45,AK 104,KUL,PEN,Domestic,178.64
2026-10-02,08:45,AK 151,KUL,KTA,Domestic,139.35
2026-10-02,08:45,AK 209,KUL,MYY,Domestic,294.09
2026-10-02,09:00,AK 266,KUL,DPS,International,725.71
2026-10-02,09:00,AK 167,KUL,TGG,Domestic,177.98
2026-10-02,10:30,AK 170,KUL,TGG,Domestic,152.33
2026-10-02,10:45,AK 287,KUL,KNO,International,360.18
2026-10-02,11:00,AK 173,KUL,TGG,Domestic,160.25
2026-10-02,11:00,AK 157,KUL,KTA,Domestic,161.81
2026-10-02,11:15,AK 109,KUL,PEN,Domestic,133.93
2026-10-02,11:15,AK 129,KUL,LGK,Domestic,156.48
2026-10-02,11:30,AK 199,KUL,KCH,Domestic,229.18
2026-10-02,12:15,AK 308,KUL,SUB,International,678.6
2026-10-02,12:45,AK 236,KUL,SIN,International,325.95
2026-10-02,13:45,AK 273,KUL,DPS,International,636.03
2026-10-02,14:30,AK 242,KUL,SIN,International,323.11
2026-10-02,14:30,AK 223,KUL,TWU,Domestic,364.12
2026-10-02,14:45,AK 112,KUL,PEN,Domestic,145.88
2026-10-02,15:45,AK 293,KUL,KNO,International,362.47
2026-10-02,16:00,AK 178,KUL,BKI,Domestic,338.74
2026-10-02,16:30,AK 298,KUL,KNO,International,469.54
2026-10-02,16:30,AK 138,KUL,LGK,Domestic,158.17
2026-10-02,17:15,AK 302,KUL,KNO,International,386.16
2026-10-02,18:00,AK 182,KUL,BKI,Domestic,278.58
2026-10-02,19:00,AK 123,KUL,JHB,Domestic,150.14
2026-10-02,19:00,AK 215,KUL,SDK,Domestic,380.96
2026-10-02,19:15,AK 188,KUL,BKI,Domestic,288.61
2026-10-02,19:45,AK 318,KUL,SUB,International,438.24
2026-10-02,20:00,AK 226,KUL,TWU,Domestic,430.4
2026-10-02,20:45,AK 218,KUL,SDK,Domestic,319.46
2026-10-02,20:45,AK 251,KUL,SIN,International,327.1
2026-10-02,21:15,AK 283,KUL,DPS,International,464.42
2026-10-02,22:00,AK 320,KUL,SUB,International,511.74
2026-10-02,22:00,AK 192,KUL,BKI,Domestic,301.76
2026-10-02,22:15,AK 141,KUL,LGK,Domestic,175.94
2026-10-02,22:15,AK 204,KUL,KCH,Domestic,264.49
2026-10-02,22:15,AK 231,KUL,TWU,Domestic,340.49
2026-10-03,06:00,AK 101,KUL,PEN,Domestic,130.64
2026-10-03,06:45,AK 146,KUL,KTA,Domestic,144.72
2026-10-03,07:00,AK 163,KUL,TGG,Domestic,165.85
2026-10-03,07:15,AK 207,KUL,MYY,Domestic,281.45
2026-10-03,07:30,AK 195,KUL,KCH,Domestic,242.08
2026-10-03,07:30,AK 117,KUL,JHB,Domestic,126.04
2026-10-03,07:45,AK 104,KUL,PEN,Domestic,136.08
2026-10-03,08:45,AK 209,KUL,MYY,Domestic,272.41
2026-10-03,08:45,AK 151,KUL,KTA,Domestic,146.6
2026-10-03,09:00,AK 266,KUL,DPS,International,687.52
2026-10-03,10:15,AK 255,KUL,CGK,International,417.2
2026-10-03,11:00,AK 173,KUL,TGG,Domestic,181.0
2026-10-03,11:15,AK 129,KUL,LGK,Domestic,164.31
2026-10-03,11:30,AK 199,KUL,KCH,Domestic,264.67
2026-10-03,12:15,AK 308,KUL,SUB,International,481.05
2026-10-03,12:45,AK 236,KUL,SIN,International,465.52
2026-10-03,13:45,AK 273,KUL,DPS,International,478.07
2026-10-03,14:30,AK 223,KUL,TWU,Domestic,381.48
2026-10-03,14:30,AK 242,KUL,SIN,International,442.23
2026-10-03,14:45,AK 112,KUL,PEN,Domestic,187.66
2026-10-03,15:15,AK 314,KUL,SUB,International,509.77
2026-10-03,15:45,AK 247,KUL,SIN,International,300.22
2026-10-03,16:00,AK 178,KUL,BKI,Domestic,296.87
2026-10-03,16:15,AK 278,KUL,DPS,International,529.12
2026-10-03,16:30,AK 138,KUL,LGK,Domestic,217.09
2026-10-03,17:45,AK 263,KUL,CGK,International,464.63
2026-10-03,18:00,AK 182,KUL,BKI,Domestic,257.16
2026-10-03,19:00,AK 123,KUL,JHB,Domestic,125.26
2026-10-03,19:15,AK 188,KUL,BKI,Domestic,294.44
2026-10-03,20:00,AK 226,KUL,TWU,Domestic,344.54
2026-10-03,20:45,AK 251,KUL,SIN,International,323.74
2026-10-03,22:00,AK 320,KUL,SUB,International,455.42
2026-10-03,22:15,AK 231,KUL,TWU,Domestic,322.44
2026-10-04,06:45,AK 146,KUL,KTA,Domestic,142.85
2026-10-04,06:45,AK 126,KUL,LGK,Domestic,165.31
2026-10-04,07:00,AK 163,KUL,TGG,Domestic,183.0
2026-10-04,07:15,AK 207,KUL,MYY,Domestic,292.76
2026-10-04,07:30,AK 117,KUL,JHB,Domestic,179.69
2026-10-04,07:30,AK 195,KUL,KCH,Domestic,245.19
2026-10-04,08:45,AK 209,KUL,MYY,Domestic,271.04
2026-10-04,08:45,AK 151,KUL,KTA,Domestic,186.47
2026-10-04,09:00,AK 266,KUL,DPS,International,614.78
2026-10-04,09:00,AK 167,KUL,TGG,Domestic,133.36
2026-10-04,10:15,AK 255,KUL,CGK,International,652.6
2026-10-04,10:30,AK 170,KUL,TGG,Domestic,131.49
2026-10-04,10:45,AK 287,KUL,KNO,International,409.6
2026-10-04,11:30,AK 271,KUL,DPS,International,530.41
2026-10-04,11:30,AK 258,KUL,CGK,International,491.01
2026-10-04,11:30,AK 199,KUL,KCH,Domestic,248.27
2026-10-04,12:00,AK 291,KUL,KNO,International,402.09
2026-10-04,12:15,AK 308,KUL,SUB,International,473.69
2026-10-04,13:45,AK 132,KUL,LGK,Domestic,158.07
2026-10-04,14:30,AK 242,KUL,SIN,International,321.42
2026-10-04,14:30,AK 223,KUL,TWU,Domestic,302.99
2026-10-04,14:45,AK 112,KUL,PEN,Domestic,133.37
2026-10-04,15:15,AK 314,KUL,SUB,International,472.75
2026-10-04,15:45,AK 247,KUL,SIN,International,400.61
2026-10-04,16:00,AK 178,KUL,BKI,Domestic,284.27
2026-10-04,16:30,AK 138,KUL,LGK,Domestic,142.2
2026-10-04,18:00,AK 182,KUL,BKI,Domestic,271.58
2026-10-04,19:00,AK 123,KUL,JHB,Domestic,146.34
2026-10-04,19:15,AK 188,KUL,BKI,Domestic,262.39
2026-10-04,19:45,AK 318,KUL,SUB,International,677.64
2026-10-04,20:45,AK 251,KUL,SIN,International,409.87
2026-10-04,22:00,AK 320,KUL,SUB,International,613.84
2026-10-04,22:15,AK 204,KUL,KCH,Domestic,244.39
2026-10-05,06:00,AK 101,KUL,PEN,Domestic,109.86
2026-10-05,06:45,AK 126,KUL,LGK,Domestic,128.37
2026-10-05,06:45,AK 146,KUL,KTA,Domestic,115.33
2026-10-05,07:00,AK 163,KUL,TGG,Domestic,120.8
2026-10-05,07:15,AK 207,KUL,MYY,Domestic,221.22
2026-10-05,07:45,AK 104,KUL,PEN,Domestic,116.64
2026-10-05,08:45,AK 151,KUL,KTA,Domestic,120.56
2026-10-05,08:45,AK 209,KUL,MYY,Domestic,230.72
2026-10-05,09:00,AK 266,KUL,DPS,International,413.77
2026-10-05,09:00,AK 167,KUL,TGG,Domestic,121.86
2026-10-05,10:15,AK 255,KUL,CGK,International,506.56
2026-10-05,10:30,AK 170,KUL,TGG,Domestic,116.42
2026-10-05,10:45,AK 287,KUL,KNO,International,334.38
2026-10-05,11:15,AK 109,KUL,PEN,Domestic,121.07
2026-10-05,11:30,AK 199,KUL,KCH,Domestic,240.31
2026-10-05,11:30,AK 258,KUL,CGK,International,360.44
2026-10-05,12:15,AK 308,KUL,SUB,International,405.5
2026-10-05,12:45,AK 236,KUL,SIN,International,310.32
2026-10-05,13:45,AK 132,KUL,LGK,Domestic,131.49
2026-10-05,14:45,AK 112,KUL,PEN,Domestic,105.75
2026-10-05,15:45,AK 293,KUL,KNO,International,284.66
2026-10-05,16:15,AK 278,KUL,DPS,International,470.61
2026-10-05,16:30,AK 298,KUL,KNO,International,274.05
2026-10-05,16:30,AK 138,KUL,LGK,Domestic,170.5
2026-10-05,17:15,AK 302,KUL,KNO,International,347.11
2026-10-05,17:45,AK 263,KUL,CGK,International,341.54
2026-10-05,18:00,AK 182,KUL,BKI,Domestic,241.62
2026-10-05,19:00,AK 215,KUL,SDK,Domestic,280.21
2026-10-05,19:15,AK 188,KUL,BKI,Domestic,277.05
2026-10-05,20:00,AK 226,KUL,TWU,Domestic,308.71
2026-10-05,20:45,AK 218,KUL,SDK,Domestic,312.78
2026-10-05,20:45,AK 251,KUL,SIN,International,382.65
2026-10-05,21:15,AK 283,KUL,DPS,International,428.54
2026-10-05,22:00,AK 192,KUL,BKI,Domestic,220.65
2026-10-05,22:15,AK 204,KUL,KCH,Domestic,290.52
2026-10-05,22:15,AK 231,KUL,TWU,Domestic,269.98
2026-10-05,22:15,AK 141,KUL,LGK,Domestic,195.84
2026-10-06,06:00,AK 101,KUL,PEN,Domestic,115.46
2026-10-06,06:45,AK 126,KUL,LGK,Domestic,161.31
2026-10-06,07:15,AK 207,KUL,MYY,Domestic,242.0
2026-10-06,07:30,AK 195,KUL,KCH,Domestic,238.47
2026-10-06,07:45,AK 104,KUL,PEN,Domestic,120.04
2026-10-06,08:45,AK 151,KUL,KTA,Domestic,185.55
2026-10-06,08:45,AK 209,KUL,MYY,Domestic,232.55
2026-10-06,09:00,AK 167,KUL,TGG,Domestic,111.64
2026-10-06,10:30,AK 170,KUL,TGG,Domestic,170.29
2026-10-06,10:45,AK 287,KUL,KNO,International,309.75
2026-10-06,11:00,AK 173,KUL,TGG,Domestic,133.5
2026-10-06,11:15,AK 129,KUL,LGK,Domestic,127.66
2026-10-06,11:15,AK 109,KUL,PEN,Domestic,103.38
2026-10-06,11:30,AK 258,KUL,CGK,International,383.11
2026-10-06,11:30,AK 271,KUL,DPS,International,432.56
2026-10-06,12:00,AK 291,KUL,KNO,International,303.28
2026-10-06,12:15,AK 308,KUL,SUB,International,402.49
2026-10-06,12:45,AK 236,KUL,SIN,International,395.7
2026-10-06,13:45,AK 273,KUL,DPS,International,419.89
2026-10-06,13:45,AK 132,KUL,LGK,Domestic,137.34
2026-10-06,14:30,AK 242,KUL,SIN,International,354.17
2026-10-06,14:30,AK 223,KUL,TWU,Domestic,368.14
2026-10-06,15:45,AK 247,KUL,SIN,International,362.2
2026-10-06,15:45,AK 293,KUL,KNO,International,392.98
2026-10-06,16:15,AK 278,KUL,DPS,International,455.8
2026-10-06,16:30,AK 138,KUL,LGK,Domestic,147.85
2026-10-06,16:30,AK 298,KUL,KNO,International,275.24
2026-10-06,17:45,AK 263,KUL,CGK,International,321.5
2026-10-06,19:00,AK 123,KUL,JHB,Domestic,117.82
2026-10-06,19:00,AK 215,KUL,SDK,Domestic,345.64
2026-10-06,19:15,AK 188,KUL,BKI,Domestic,358.59
2026-10-06,19:45,AK 318,KUL,SUB,International,438.56
2026-10-06,20:45,AK 251,KUL,SIN,International,348.22
2026-10-06,21:15,AK 283,KUL,DPS,International,445.63
2026-10-06,22:00,AK 192,KUL,BKI,Domestic,349.32
2026-10-06,22:15,AK 141,KUL,LGK,Domestic,129.05
2026-10-06,22:15,AK 204,KUL,KCH,Domestic,239.43
2026-10-06,22:15,AK 231,KUL,TWU,Domestic,304.17
2026-10-07,06:00,AK 101,KUL,PEN,Domestic,109.78
2026-10-07,06:45,AK 126,KUL,LGK,Domestic,195.49
2026-10-07,06:45,AK 146,KUL,KTA,Domestic,140.91
2026-10-07,07:00,AK 163,KUL,TGG,Domestic,121.43
2026-10-07,07:30,AK 117,KUL,JHB,Domestic,126.54
2026-10-07,07:45,AK 104,KUL,PEN,Domestic,109.71
2026-10-07,08:45,AK 209,KUL,MYY,Domestic,234.25
2026-10-07,09:00,AK 167,KUL,TGG,Domestic,118.05
2026-10-07,09:00,AK 266,KUL,DPS,International,448.09
2026-10-07,10:15,AK 255,KUL,CGK,International,370.49
2026-10-07,10:30,AK 170,KUL,TGG,Domestic,126.61
2026-10-07,10:45,AK 287,KUL,KNO,International,399.96
2026-10-07,11:00,AK 157,KUL,KTA,Domestic,128.88
2026-10-07,11:15,AK 129,KUL,LGK,Domestic,129.23
2026-10-07,11:30,AK 271,KUL,DPS,International,451.25
2026-10-07,11:30,AK 199,KUL,KCH,Domestic,204.46
2026-10-07,11:30,AK 258,KUL,CGK,International,427.67
2026-10-07,12:00,AK 291,KUL,KNO,International,315.9
2026-10-07,12:15,AK 308,KUL,SUB,International,419.11
2026-10-07,12:45,AK 236,KUL,SIN,International,270.14
2026-10-07,13:45,AK 132,KUL,LGK,Domestic,139.63
2026-10-07,13:45,AK 273,KUL,DPS,International,419.91
2026-10-07,14:30,AK 242,KUL,SIN,International,263.07
2026-10-07,14:45,AK 112,KUL,PEN,Domestic,129.87
2026-10-07,15:45,AK 247,KUL,SIN,International,304.35
2026-10-07,15:45,AK 293,KUL,KNO,International,316.73
2026-10-07,16:00,AK 178,KUL,BKI,Domestic,274.71
2026-10-07,16:30,AK 138,KUL,LGK,Domestic,133.26
2026-10-07,16:30,AK 298,KUL,KNO,International,428.66
2026-10-07,17:15,AK 302,KUL,KNO,International,315.19
2026-10-07,19:00,AK 123,KUL,JHB,Domestic,109.61
2026-10-07,20:00,AK 226,KUL,TWU,Domestic,346.63
2026-10-07,20:45,AK 251,KUL,SIN,International,366.96
2026-10-07,20:45,AK 218,KUL,SDK,Domestic,285.44
2026-10-07,21:15,AK 283,KUL,DPS,International,441.83
2026-10-07,22:00,AK 192,KUL,BKI,Domestic,333.47
2026-10-07,22:00,AK 320,KUL,SUB,International,403.95
2026-10-07,22:15,AK 204,KUL,KCH,Domestic,257.86
2026-10-07,22:15,AK 141,KUL,LGK,Domestic,127.73
2026-10-07,22:15,AK 231,KUL,TWU,Domestic,263.49
2026-10-08,06:00,AK 101,KUL,PEN,Domestic,118.67
2026-10-08,06:45,AK 146,KUL,KTA,Domestic,124.87
2026-10-08,06:45,AK 126,KUL,LGK,Domestic,170.37
2026-10-08,07:30,AK 117,KUL,JHB,Domestic,126.99
2026-10-08,07:30,AK 195,KUL,KCH,Domestic,284.75
2026-10-08,07:45,AK 104,KUL,PEN,Domestic,119.56
2026-10-08,08:45,AK 151,KUL,KTA,Domestic,120.54
2026-10-08,09:00,AK 266,KUL,DPS,International,601.79
2026-10-08,10:45,AK 287,KUL,KNO,International,317.94
2026-10-08,11:00,AK 173,KUL,TGG,Domestic,130.92
2026-10-08,11:15,AK 109,KUL,PEN,Domestic,108.82
2026-10-08,11:30,AK 199,KUL,KCH,Domestic,301.1
2026-10-08,11:30,AK 271,KUL,DPS,International,409.19
2026-10-08,12:00,AK 291,KUL,KNO,International,436.4
2026-10-08,12:15,AK 308,KUL,SUB,International,400.61
2026-10-08,14:30,AK 242,KUL,SIN,International,370.21
2026-10-08,14:45,AK 112,KUL,PEN,Domestic,117.85
2026-10-08,15:15,AK 314,KUL,SUB,International,462.34
2026-10-08,15:45,AK 247,KUL,SIN,International,340.68
2026-10-08,16:00,AK 178,KUL,BKI,Domestic,226.94
2026-10-08,16:15,AK 278,KUL,DPS,International,601.49
2026-10-08,16:30,AK 138,KUL,LGK,Domestic,134.44
2026-10-08,17:15,AK 302,KUL,KNO,International,347.61
2026-10-08,17:45,AK 263,KUL,CGK,International,404.75
2026-10-08,18:00,AK 182,KUL,BKI,Domestic,286.51
2026-10-08,19:00,AK 215,KUL,SDK,Domestic,267.42
2026-10-08,19:00,AK 123,KUL,JHB,Domestic,94.6
2026-10-08,19:45,AK 318,KUL,SUB,International,550.01
2026-10-08,21:15,AK 283,KUL,DPS,International,436.92
2026-10-08,22:00,AK 320,KUL,SUB,International,377.91
2026-10-08,22:15,AK 141,KUL,LGK,Domestic,136.34
2026-10-09,06:00,AK 101,KUL,PEN,Domestic,136.56
2026-10-09,06:45,AK 146,KUL,KTA,Domestic,143.55
2026-10-09,06:45,AK 126,KUL,LGK,Domestic,162.33
2026-10-09,07:00,AK 163,KUL,TGG,Domestic,143.1
2026-10-09,07:15,AK 207,KUL,MYY,Domestic,238.7
2026-10-09,07:30,AK 117,KUL,JHB,Domestic,150.21
2026-10-09,07:30,AK 195,KUL,KCH,Domestic,224.92
2026-10-09,07:45,AK 104,KUL,PEN,Domestic,131.45
2026-10-09,08:45,AK 209,KUL,MYY,Domestic,276.88
2026-10-09,08:45,AK 151,KUL,KTA,Domestic,146.54
2026-10-09,09:00,AK 167,KUL,TGG,Domestic,135.46
2026-10-09,10:15,AK 255,KUL,CGK,International,431.89
2026-10-09,10:30,AK 170,KUL,TGG,Domestic,163.2
2026-10-09,10:45,AK 287,KUL,KNO,International,336.46
2026-10-09,11:15,AK 109,KUL,PEN,Domestic,160.49
2026-10-09,11:30,AK 271,KUL,DPS,International,507.78
2026-10-09,11:30,AK 258,KUL,CGK,International,434.32
2026-10-09,11:30,AK 199,KUL,KCH,Domestic,240.84
2026-10-09,13:45,AK 132,KUL,LGK,Domestic,153.38
2026-10-09,13:45,AK 273,KUL,DPS,International,520.66
2026-10-09,14:30,AK 223,KUL,TWU,Domestic,420.63
2026-10-09,14:30,AK 242,KUL,SIN,International,322.89
2026-10-09,14:45,AK 112,KUL,PEN,Domestic,134.11
2026-10-09,15:45,AK 247,KUL,SIN,International,327.75
2026-10-09,16:00,AK 178,KUL,BKI,Domestic,271.55
2026-10-09,16:30,AK 138,KUL,LGK,Domestic,183.02
2026-10-09,16:30,AK 298,KUL,KNO,International,440.2
2026-10-09,17:45,AK 263,KUL,CGK,International,434.38
2026-10-09,19:00,AK 215,KUL,SDK,Domestic,328.32
2026-10-09,19:00,AK 123,KUL,JHB,Domestic,123.2
2026-10-09,21:15,AK 283,KUL,DPS,International,627.15
2026-10-09,22:00,AK 192,KUL,BKI,Domestic,330.44
2026-10-09,22:15,AK 141,KUL,LGK,Domestic,200.61
2026-10-09,22:15,AK 204,KUL,KCH,Domestic,324.05
2026-10-10,06:00,AK 101,KUL,PEN,Domestic,138.98
2026-10-10,06:45,AK 126,KUL,LGK,Domestic,192.15
2026-10-10,07:30,AK 117,KUL,JHB,Domestic,135.57
2026-10-10,07:45,AK 104,KUL,PEN,Domestic,135.77
2026-10-10,08:45,AK 209,KUL,MYY,Domestic,277.52
2026-10-10,09:00,AK 266,KUL,DPS,International,777.09
2026-10-10,10:15,AK 255,KUL,CGK,International,431.68
2026-10-10,10:30,AK 170,KUL,TGG,Domestic,176.68
2026-10-10,11:00,AK 173,KUL,TGG,Domestic,172.22
2026-10-10,11:00,AK 157,KUL,KTA,Domestic,194.22
2026-10-10,11:15,AK 109,KUL,PEN,Domestic,127.93
2026-10-10,11:30,AK 258,KUL,CGK,International,394.92
2026-10-10,11:30,AK 199,KUL,KCH,Domestic,256.08
2026-10-10,12:00,AK 291,KUL,KNO,International,350.37
2026-10-10,12:15,AK 308,KUL,SUB,International,484.19
2026-10-10,13:45,AK 132,KUL,LGK,Domestic,156.21
2026-10-10,13:45,AK 273,KUL,DPS,International,519.47
2026-10-10,14:30,AK 223,KUL,TWU,Domestic,316.67
2026-10-10,14:45,AK 112,KUL,PEN,Domestic,139.36
2026-10-10,15:15,AK 314,KUL,SUB,International,672.49
2026-10-10,15:45,AK 293,KUL,KNO,International,371.39
2026-10-10,16:00,AK 178,KUL,BKI,Domestic,296.36
2026-10-10,16:15,AK 278,KUL,DPS,International,491.79
2026-10-10,16:30,AK 138,KUL,LGK,Domestic,166.27
2026-10-10,17:15,AK 302,KUL,KNO,International,455.16
2026-10-10,19:00,AK 123,KUL,JHB,Domestic,119.03
2026-10-10,19:15,AK 188,KUL,BKI,Domestic,282.57
2026-10-10,19:45,AK 318,KUL,SUB,International,444.53
2026-10-10,20:45,AK 218,KUL,SDK,Domestic,325.81
2026-10-10,22:00,AK 320,KUL,SUB,International,502.88
2026-10-10,22:15,AK 204,KUL,KCH,Domestic,253.64
2026-10-11,06:00,AK 101,KUL,PEN,Domestic,149.7
2026-10-11,06:45,AK 126,KUL,LGK,Domestic,146.3
2026-10-11,06:45,AK 146,KUL,KTA,Domestic,153.18
2026-10-11,07:00,AK 163,KUL,TGG,Domestic,144.8
2026-10-11,07:30,AK 195,KUL,KCH,Domestic,234.3
2026-10-11,07:30,AK 117,KUL,JHB,Domestic,121.91
2026-10-11,07:45,AK 104,KUL,PEN,Domestic,187.96
2026-10-11,08:45,AK 151,KUL,KTA,Domestic,145.62
2026-10-11,09:00,AK 167,KUL,TGG,Domestic,197.69
2026-10-11,10:15,AK 255,KUL,CGK,International,431.06
2026-10-11,11:00,AK 157,KUL,KTA,Domestic,140.27
2026-10-11,11:00,AK 173,KUL,TGG,Domestic,139.75
2026-10-11,11:15,AK 109,KUL,PEN,Domestic,130.13
2026-10-11,11:30,AK 258,KUL,CGK,International,580.67
2026-10-11,11:30,AK 271,KUL,DPS,International,510.46
2026-10-11,11:30,AK 199,KUL,KCH,Domestic,307.18
2026-10-11,12:00,AK 291,KUL,KNO,International,448.18
2026-10-11,12:15,AK 308,KUL,SUB,International,527.23
2026-10-11,13:45,AK 132,KUL,LGK,Domestic,160.38
2026-10-11,13:45,AK 273,KUL,DPS,International,483.11
2026-10-11,14:45,AK 112,KUL,PEN,Domestic,146.48
2026-10-11,15:45,AK 293,KUL,KNO,International,495.23
2026-10-11,16:00,AK 178,KUL,BKI,Domestic,292.16
2026-10-11,16:15,AK 278,KUL,DPS,International,751.99
2026-10-11,16:30,AK 138,KUL,LGK,Domestic,139.6
2026-10-11,17:15,AK 302,KUL,KNO,International,327.42
2026-10-11,18:00,AK 182,KUL,BKI,Domestic,284.2
2026-10-11,19:00,AK 123,KUL,JHB,Domestic,140.28
2026-10-11,19:00,AK 215,KUL,SDK,Domestic,316.29
2026-10-11,19:45,AK 318,KUL,SUB,International,505.76
2026-10-11,20:00,AK 226,KUL,TWU,Domestic,338.61
2026-10-11,20:45,AK 218,KUL,SDK,Domestic,443.94
2026-10-11,21:15,AK 283,KUL,DPS,International,517.18
2026-10-11,22:00,AK 192,KUL,BKI,Domestic,277.41
2026-10-11,22:00,AK 320,KUL,SUB,International,454.33
2026-10-11,22:15,AK 204,KUL,KCH,Domestic,249.24
2026-10-11,22:15,AK 231,KUL,TWU,Domestic,427.13
2026-10-12,06:00,AK 101,KUL,PEN,Domestic,106.98
2026-10-12,06:45,AK 126,KUL,LGK,Domestic,134.8
2026-10-12,06:45,AK 146,KUL,KTA,Domestic,123.5
2026-10-12,07:00,AK 163,KUL,TGG,Domestic,112.71
2026-10-12,07:30,AK 195,KUL,KCH,Domestic,214.17
2026-10-12,07:45,AK 104,KUL,PEN,Domestic,115.53
2026-10-12,08:45,AK 209,KUL,MYY,Domestic,323.14
2026-10-12,09:00,AK 167,KUL,TGG,Domestic,120.41
2026-10-12,09:00,AK 266,KUL,DPS,International,577.83
2026-10-12,10:15,AK 255,KUL,CGK,International,346.21
2026-10-12,10:30,AK 170,KUL,TGG,Domestic,127.64
2026-10-12,11:00,AK 157,KUL,KTA,Domestic,126.53
2026-10-12,11:15,AK 109,KUL,PEN,Domestic,110.55
2026-10-12,11:15,AK 129,KUL,LGK,Domestic,140.49
2026-10-12,11:30,AK 258,KUL,CGK,International,350.56
2026-10-12,12:00,AK 291,KUL,KNO,International,330.72
2026-10-12,12:45,AK 236,KUL,SIN,International,249.98
2026-10-12,13:45,AK 132,KUL,LGK,Domestic,119.05
2026-10-12,13:45,AK 273,KUL,DPS,International,421.99
2026-10-12,15:45,AK 293,KUL,KNO,International,299.91
2026-10-12,15:45,AK 247,KUL,SIN,International,287.48
2026-10-12,16:00,AK 178,KUL,BKI,Domestic,300.08
2026-10-12,16:30,AK 298,KUL,KNO,International,356.67
2026-10-12,17:15,AK 302,KUL,KNO,International,474.8
2026-10-12,17:45,AK 263,KUL,CGK,International,367.83
2026-10-12,18:00,AK 182,KUL,BKI,Domestic,340.71
2026-10-12,19:00,AK 215,KUL,SDK,Domestic,268.98
2026-10-12,19:00,AK 123,KUL,JHB,Domestic,96.45
2026-10-12,19:15,AK 188,KUL,BKI,Domestic,307.9
2026-10-12,19:45,AK 318,KUL,SUB,International,421.86
2026-10-12,20:00,AK 226,KUL,TWU,Domestic,347.4
2026-10-12,20:45,AK 218,KUL,SDK,Domestic,316.63
2026-10-12,20:45,AK 251,KUL,SIN,International,281.6
2026-10-12,21:15,AK 283,KUL,DPS,International,430.54
2026-10-12,22:15,AK 231,KUL,TWU,Domestic,293.55
2026-10-12,22:15,AK 204,KUL,KCH,Domestic,203.07
2026-10-12,22:15,AK 141,KUL,LGK,Domestic,164.96
2026-10-13,06:00,AK 101,KUL,PEN,Domestic,119.19
2026-10-13,07:00,AK 163,KUL,TGG,Domestic,115.83
2026-10-13,07:15,AK 207,KUL,MYY,Domestic,239.52
2026-10-13,07:45,AK 104,KUL,PEN,Domestic,113.69
2026-10-13,09:00,AK 167,KUL,TGG,Domestic,119.73
2026-10-13,10:15,AK 255,KUL,CGK,International,369.58
2026-10-13,10:45,AK 287,KUL,KNO,International,295.16
2026-10-13,11:00,AK 157,KUL,KTA,Domestic,137.02
2026-10-13,11:15,AK 129,KUL,LGK,Domestic,189.04
2026-10-13,11:15,AK 109,KUL,PEN,Domestic,121.78
2026-10-13,11:30,AK 258,KUL,CGK,International,364.97
2026-10-13,11:30,AK 271,KUL,DPS,International,464.14
2026-10-13,12:45,AK 236,KUL,SIN,International,244.25
2026-10-13,13:45,AK 273,KUL,DPS,International,455.65
2026-10-13,13:45,AK 132,KUL,LGK,Domestic,136.04
2026-10-13,14:30,AK 242,KUL,SIN,International,275.78
2026-10-13,14:30,AK 223,KUL,TWU,Domestic,366.29
2026-10-13,15:45,AK 247,KUL,SIN,International,274.17
2026-10-13,15:45,AK 293,KUL,KNO,International,282.33
2026-10-13,16:00,AK 178,KUL,BKI,Domestic,238.79
2026-10-13,16:15,AK 278,KUL,DPS,International,417.04
2026-10-13,17:45,AK 263,KUL,CGK,International,319.1
2026-10-13,20:00,AK 226,KUL,TWU,Domestic,283.97
2026-10-13,20:45,AK 218,KUL,SDK,Domestic,272.95
2026-10-13,21:15,AK 283,KUL,DPS,International,534.58
2026-10-13,22:00,AK 320,KUL,SUB,International,550.36
2026-10-13,22:15,AK 204,KUL,KCH,Domestic,212.09
2026-10-13,22:15,AK 231,KUL,TWU,Domestic,401.13
2026-10-14,06:45,AK 146,KUL,KTA,Domestic,147.9
2026-10-14,06:45,AK 126,KUL,LGK,Domestic,193.65
2026-10-14,07:15,AK 207,KUL,MYY,Domestic,241.96
2026-10-14,07:30,AK 117,KUL,JHB,Domestic,98.76
2026-10-14,07:30,AK 195,KUL,KCH,Domestic,188.88
2026-10-14,08:45,AK 209,KUL,MYY,Domestic,222.1
2026-10-14,08:45,AK 151,KUL,KTA,Domestic,113.58
2026-10-14,09:00,AK 167,KUL,TGG,Domestic,118.04
2026-10-14,10:30,AK 170,KUL,TGG,Domestic,113.65
2026-10-14,10:45,AK 287,KUL,KNO,International,377.3
2026-10-14,11:00,AK 173,KUL,TGG,Domestic,120.52
2026-10-14,11:15,AK 109,KUL,PEN,Domestic,137.31
2026-10-14,11:30,AK 199,KUL,KCH,Domestic,262.32
2026-10-14,12:45,AK 236,KUL,SIN,International,307.63
2026-10-14,13:45,AK 273,KUL,DPS,International,431.5
2026-10-14,13:45,AK 132,KUL,LGK,Domestic,123.63
2026-10-14,14:30,AK 242,KUL,SIN,International,248.43
2026-10-14,14:30,AK 223,KUL,TWU,Domestic,421.06
2026-10-14,14:45,AK 112,KUL,PEN,Domestic,114.6
2026-10-14,15:15,AK 314,KUL,SUB,International,407.69
2026-10-14,15:45,AK 247,KUL,SIN,International,263.66
2026-10-14,15:45,AK 293,KUL,KNO,International,315.34
2026-10-14,16:00,AK 178,KUL,BKI,Domestic,249.93
2026-10-14,16:15,AK 278,KUL,DPS,International,421.06
2026-10-14,16:30,AK 298,KUL,KNO,International,292.06
2026-10-14,17:15,AK 302,KUL,KNO,International,358.67
2026-10-14,17:45,AK 263,KUL,CGK,International,356.46
2026-10-14,18:00,AK 182,KUL,BKI,Domestic,205.77
2026-10-14,19:00,AK 123,KUL,JHB,Domestic,101.85
2026-10-14,19:00,AK 215,KUL,SDK,Domestic,303.93
2026-10-14,20:45,AK 251,KUL,SIN,International,270.04
2026-10-14,22:00,AK 192,KUL,BKI,Domestic,222.09
2026-10-14,22:00,AK 320,KUL,SUB,International,385.54
2026-10-14,22:15,AK 231,KUL,TWU,Domestic,263.42
2026-10-15,07:00,AK 163,KUL,TGG,Domestic,155.57
2026-10-15,07:15,AK 207,KUL,MYY,Domestic,242.24
2026-10-15,07:30,AK 195,KUL,KCH,Domestic,206.75
2026-10-15,07:30,AK 117,KUL,JHB,Domestic,158.67
2026-10-15,07:45,AK 104,KUL,PEN,Domestic,107.0
2026-10-15,08:45,AK 151,KUL,KTA,Domestic,123.71
2026-10-15,09:00,AK 266,KUL,DPS,International,643.6
2026-10-15,09:00,AK 167,KUL,TGG,Domestic,122.42
2026-10-15,10:15,AK 255,KUL,CGK,International,385.41
2026-10-15,10:45,AK 287,KUL,KNO,International,292.99
2026-10-15,11:00,AK 173,KUL,TGG,Domestic,121.53
2026-10-15,11:00,AK 157,KUL,KTA,Domestic,167.03
2026-10-15,11:15,AK 109,KUL,PEN,Domestic,108.61
2026-10-15,11:30,AK 271,KUL,DPS,International,451.33
2026-10-15,11:30,AK 199,KUL,KCH,Domestic,210.09
2026-10-15,12:00,AK 291,KUL,KNO,International,283.49
2026-10-15,12:45,AK 236,KUL,SIN,International,290.56
2026-10-15,13:45,AK 273,KUL,DPS,International,434.2
2026-10-15,14:30,AK 223,KUL,TWU,Domestic,289.88
2026-10-15,14:45,AK 112,KUL,PEN,Domestic,117.69
2026-10-15,15:15,AK 314,KUL,SUB,International,482.34
2026-10-15,15:45,AK 293,KUL,KNO,International,299.94
2026-10-15,17:45,AK 263,KUL,CGK,International,404.68
2026-10-15,19:15,AK 188,KUL,BKI,Domestic,242.54
2026-10-15,19:45,AK 318,KUL,SUB,International,401.44
2026-10-15,20:00,AK 226,KUL,TWU,Domestic,366.36
2026-10-15,20:45,AK 251,KUL,SIN,International,271.08
2026-10-15,20:45,AK 218,KUL,SDK,Domestic,250.13
2026-10-15,21:15,AK 283,KUL,DPS,International,610.16
2026-10-15,22:15,AK 141,KUL,LGK,Domestic,140.15
2026-10-16,06:45,AK 146,KUL,KTA,Domestic,212.9
2026-10-16,07:00,AK 163,KUL,TGG,Domestic,147.39
2026-10-16,07:15,AK 207,KUL,MYY,Domestic,414.42
2026-10-16,07:30,AK 195,KUL,KCH,Domestic,228.43
2026-10-16,07:30,AK 117,KUL,JHB,Domestic,123.45
2026-10-16,07:45,AK 104,KUL,PEN,Domestic,131.33
2026-10-16,08:45,AK 151,KUL,KTA,Domestic,204.28
2026-10-16,09:00,AK 266,KUL,DPS,International,735.98
2026-10-16,09:00,AK 167,KUL,TGG,Domestic,137.29
2026-10-16,10:30,AK 170,KUL,TGG,Domestic,143.13
2026-10-16,10:45,AK 287,KUL,KNO,International,354.69
2026-10-16,11:00,AK 173,KUL,TGG,Domestic,151.14
2026-10-16,11:00,AK 157,KUL,KTA,Domestic,156.5
2026-10-16,11:15,AK 129,KUL,LGK,Domestic,169.68
2026-10-16,11:30,AK 258,KUL,CGK,International,530.91
2026-10-16,11:30,AK 199,KUL,KCH,Domestic,254.33
2026-10-16,12:15,AK 308,KUL,SUB,International,468.33
2026-10-16,13:45,AK 132,KUL,LGK,Domestic,155.73
2026-10-16,13:45,AK 273,KUL,DPS,International,722.28
2026-10-16,14:30,AK 223,KUL,TWU,Domestic,375.93
2026-10-16,14:45,AK 112,KUL,PEN,Domestic,149.29
2026-10-16,15:15,AK 314,KUL,SUB,International,480.64
2026-10-16,15:45,AK 293,KUL,KNO,International,338.08
2026-10-16,15:45,AK 247,KUL,SIN,International,419.33
2026-10-16,16:00,AK 178,KUL,BKI,Domestic,277.0
2026-10-16,16:30,AK 298,KUL,KNO,International,449.38
2026-10-16,17:15,AK 302,KUL,KNO,International,340.75
2026-10-16,18:00,AK 182,KUL,BKI,Domestic,287.47
2026-10-16,19:45,AK 318,KUL,SUB,International,422.68
2026-10-16,21:15,AK 283,KUL,DPS,International,507.12
2026-10-16,22:00,AK 192,KUL,BKI,Domestic,276.04
2026-10-16,22:00,AK 320,KUL,SUB,International,607.98
2026-10-16,22:15,AK 204,KUL,KCH,Domestic,259.21
2026-10-16,22:15,AK 231,KUL,TWU,Domestic,475.33
2026-10-17,06:45,AK 146,KUL,KTA,Domestic,153.23
2026-10-17,07:00,AK 163,KUL,TGG,Domestic,137.06
2026-10-17,07:15,AK 207,KUL,MYY,Domestic,271.19
2026-10-17,07:30,AK 117,KUL,JHB,Domestic,122.08
2026-10-17,07:45,AK 104,KUL,PEN,Domestic,141.63
2026-10-17,08:45,AK 209,KUL,MYY,Domestic,286.58
2026-10-17,09:00,AK 266,KUL,DPS,International,674.68
2026-10-17,10:30,AK 170,KUL,TGG,Domestic,197.3
2026-10-17,10:45,AK 287,KUL,KNO,International,538.07
2026-10-17,11:00,AK 157,KUL,KTA,Domestic,153.92
2026-10-17,11:00,AK 173,KUL,TGG,Domestic,145.29
2026-10-17,11:15,AK 129,KUL,LGK,Domestic,197.84
2026-10-17,11:30,AK 271,KUL,DPS,International,530.58
2026-10-17,11:30,AK 258,KUL,CGK,International,451.01
2026-10-17,12:00,AK 291,KUL,KNO,International,359.32
2026-10-17,13:45,AK 273,KUL,DPS,International,551.33
2026-10-17,14:30,AK 242,KUL,SIN,International,321.4
2026-10-17,15:15,AK 314,KUL,SUB,International,671.2
2026-10-17,15:45,AK 247,KUL,SIN,International,322.01
2026-10-17,16:30,AK 138,KUL,LGK,Domestic,163.16
2026-10-17,17:45,AK 263,KUL,CGK,International,488.36
2026-10-17,18:00,AK 182,KUL,BKI,Domestic,350.98
2026-10-17,19:15,AK 188,KUL,BKI,Domestic,289.33
2026-10-17,19:45,AK 318,KUL,SUB,International,741.4
2026-10-17,22:00,AK 320,KUL,SUB,International,470.77
2026-10-17,22:00,AK 192,KUL,BKI,Domestic,359.59
2026-10-17,22:15,AK 141,KUL,LGK,Domestic,156.16
2026-10-17,22:15,AK 231,KUL,TWU,Domestic,340.24
2026-10-18,06:00,AK 101,KUL,PEN,Domestic,153.0
2026-10-18,06:45,AK 126,KUL,LGK,Domestic,243.24
2026-10-18,07:00,AK 163,KUL,TGG,Domestic,147.78
2026-10-18,07:15,AK 207,KUL,MYY,Domestic,402.48
2026-10-18,07:30,AK 117,KUL,JHB,Domestic,124.15
2026-10-18,07:30,AK 195,KUL,KCH,Domestic,361.63
2026-10-18,09:00,AK 167,KUL,TGG,Domestic,144.64
2026-10-18,09:00,AK 266,KUL,DPS,International,527.44
2026-10-18,10:15,AK 255,KUL,CGK,International,461.07
2026-10-18,10:30,AK 170,KUL,TGG,Domestic,187.78
2026-10-18,11:00,AK 157,KUL,KTA,Domestic,154.69
2026-10-18,11:00,AK 173,KUL,TGG,Domestic,139.11
2026-10-18,11:15,AK 109,KUL,PEN,Domestic,197.44
2026-10-18,11:15,AK 129,KUL,LGK,Domestic,170.94
2026-10-18,11:30,AK 271,KUL,DPS,International,539.49
2026-10-18,11:30,AK 258,KUL,CGK,International,460.86
2026-10-18,11:30,AK 199,KUL,KCH,Domestic,258.79
2026-10-18,12:00,AK 291,KUL,KNO,International,474.6
2026-10-18,12:15,AK 308,KUL,SUB,International,462.81
2026-10-18,13:45,AK 132,KUL,LGK,Domestic,211.57
2026-10-18,13:45,AK 273,KUL,DPS,International,535.93
2026-10-18,14:30,AK 223,KUL,TWU,Domestic,350.56
2026-10-18,14:45,AK 112,KUL,PEN,Domestic,140.73
2026-10-18,16:15,AK 278,KUL,DPS,International,553.37
2026-10-18,16:30,AK 138,KUL,LGK,Domestic,174.81
2026-10-18,16:30,AK 298,KUL,KNO,International,366.24
2026-10-18,17:15,AK 302,KUL,KNO,International,368.07
2026-10-18,17:45,AK 263,KUL,CGK,International,482.82
2026-10-18,19:00,AK 123,KUL,JHB,Domestic,134.27
2026-10-18,19:15,AK 188,KUL,BKI,Domestic,300.71
2026-10-18,19:45,AK 318,KUL,SUB,International,632.37
2026-10-18,20:00,AK 226,KUL,TWU,Domestic,357.82
2026-10-18,20:45,AK 251,KUL,SIN,International,320.92
2026-10-18,21:15,AK 283,KUL,DPS,International,798.58
2026-10-18,22:00,AK 192,KUL,BKI,Domestic,306.68
2026-10-18,22:15,AK 231,KUL,TWU,Domestic,367.63
2026-10-18,22:15,AK 204,KUL,KCH,Domestic,267.61
2026-10-19,06:45,AK 146,KUL,KTA,Domestic,147.35
2026-10-19,07:00,AK 163,KUL,TGG,Domestic,118.74
2026-10-19,07:15,AK 207,KUL,MYY,Domestic,271.13
2026-10-19,07:30,AK 117,KUL,JHB,Domestic,133.51
2026-10-19,07:30,AK 195,KUL,KCH,Domestic,245.0
2026-10-19,08:45,AK 151,KUL,KTA,Domestic,156.64
2026-10-19,09:00,AK 266,KUL,DPS,International,448.27
2026-10-19,10:15,AK 255,KUL,CGK,International,399.4
2026-10-19,10:30,AK 170,KUL,TGG,Domestic,124.41
2026-10-19,10:45,AK 287,KUL,KNO,International,352.49
2026-10-19,11:00,AK 157,KUL,KTA,Domestic,135.58
2026-10-19,11:30,AK 271,KUL,DPS,International,533.43
2026-10-19,12:00,AK 291,KUL,KNO,International,325.69
2026-10-19,12:45,AK 236,KUL,SIN,International,246.42
2026-10-19,13:45,AK 132,KUL,LGK,Domestic,177.59
2026-10-19,14:30,AK 242,KUL,SIN,International,259.61
2026-10-19,14:30,AK 223,KUL,TWU,Domestic,376.65
2026-10-19,15:15,AK 314,KUL,SUB,International,401.02
2026-10-19,15:45,AK 247,KUL,SIN,International,271.65
2026-10-19,15:45,AK 293,KUL,KNO,International,322.3
2026-10-19,16:30,AK 138,KUL,LGK,Domestic,143.39
2026-10-19,16:30,AK 298,KUL,KNO,International,318.03
2026-10-19,18:00,AK 182,KUL,BKI,Domestic,361.87
2026-10-19,19:15,AK 188,KUL,BKI,Domestic,238.6
2026-10-19,19:45,AK 318,KUL,SUB,International,413.22
2026-10-19,20:00,AK 226,KUL,TWU,Domestic,304.22
2026-10-19,20:45,AK 218,KUL,SDK,Domestic,258.72
2026-10-19,20:45,AK 251,KUL,SIN,International,291.71
2026-10-19,21:15,AK 283,KUL,DPS,International,501.18
2026-10-19,22:00,AK 320,KUL,SUB,International,416.9
2026-10-19,22:15,AK 204,KUL,KCH,Domestic,211.66
2026-10-19,22:15,AK 141,KUL,LGK,Domestic,144.45
2026-10-19,22:15,AK 231,KUL,TWU,Domestic,304.08
2026-10-20,06:00,AK 101,KUL,PEN,Domestic,118.79
2026-10-20,06:45,AK 126,KUL,LGK,Domestic,139.67
2026-10-20,06:45,AK 146,KUL,KTA,Domestic,181.87
2026-10-20,07:30,AK 195,KUL,KCH,Domestic,209.67
2026-10-20,08:45,AK 209,KUL,MYY,Domestic,289.82
2026-10-20,09:00,AK 266,KUL,DPS,International,669.12
2026-10-20,09:00,AK 167,KUL,TGG,Domestic,124.25
2026-10-20,10:15,AK 255,KUL,CGK,International,397.45
2026-10-20,10:30,AK 170,KUL,TGG,Domestic,116.93
2026-10-20,11:00,AK 173,KUL,TGG,Domestic,128.54
2026-10-20,11:15,AK 109,KUL,PEN,Domestic,120.95
2026-10-20,11:30,AK 199,KUL,KCH,Domestic,206.87
2026-10-20,11:30,AK 271,KUL,DPS,International,540.16
2026-10-20,14:30,AK 223,KUL,TWU,Domestic,316.5
2026-10-20,14:30,AK 242,KUL,SIN,International,389.34
2026-10-20,14:45,AK 112,KUL,PEN,Domestic,151.67
2026-10-20,15:15,AK 314,KUL,SUB,International,418.91
2026-10-20,15:45,AK 247,KUL,SIN,International,341.44
2026-10-20,15:45,AK 293,KUL,KNO,International,303.29
2026-10-20,16:15,AK 278,KUL,DPS,International,616.02
2026-10-20,17:15,AK 302,KUL,KNO,International,330.13
2026-10-20,18:00,AK 182,KUL,BKI,Domestic,238.56
2026-10-20,19:00,AK 215,KUL,SDK,Domestic,294.12
2026-10-20,19:15,AK 188,KUL,BKI,Domestic,268.41
2026-10-20,19:45,AK 318,KUL,SUB,International,623.07
2026-10-20,20:00,AK 226,KUL,TWU,Domestic,341.5
2026-10-20,20:45,AK 218,KUL,SDK,Domestic,253.16
2026-10-20,21:15,AK 283,KUL,DPS,International,443.87
2026-10-20,22:15,AK 204,KUL,KCH,Domestic,193.56
2026-10-21,07:00,AK 163,KUL,TGG,Domestic,126.91
2026-10-21,07:15,AK 207,KUL,MYY,Domestic,319.32
2026-10-21,07:45,AK 104,KUL,PEN,Domestic,122.06
2026-10-21,09:00,AK 167,KUL,TGG,Domestic,130.71
2026-10-21,10:15,AK 255,KUL,CGK,International,487.13
2026-10-21,11:00,AK 157,KUL,KTA,Domestic,133.76
2026-10-21,11:15,AK 129,KUL,LGK,Domestic,136.29
2026-10-21,11:30,AK 258,KUL,CGK,International,376.36
2026-10-21,11:30,AK 271,KUL,DPS,International,500.72
2026-10-21,11:30,AK 199,KUL,KCH,Domestic,338.31
2026-10-21,12:00,AK 291,KUL,KNO,International,391.59
2026-10-21,13:45,AK 273,KUL,DPS,International,460.65
2026-10-21,13:45,AK 132,KUL,LGK,Domestic,131.25
2026-10-21,14:30,AK 242,KUL,SIN,International,282.81
2026-10-21,14:30,AK 223,KUL,TWU,Domestic,324.83
2026-10-21,14:45,AK 112,KUL,PEN,Domestic,107.84
2026-10-21,15:15,AK 314,KUL,SUB,International,523.62
2026-10-21,15:45,AK 293,KUL,KNO,International,456.79
2026-10-21,16:00,AK 178,KUL,BKI,Domestic,402.49
2026-10-21,16:15,AK 278,KUL,DPS,International,438.4
2026-10-21,16:30,AK 298,KUL,KNO,International,452.19
2026-10-21,17:45,AK 263,KUL,CGK,International,473.96
2026-10-21,18:00,AK 182,KUL,BKI,Domestic,231.36
2026-10-21,19:00,AK 123,KUL,JHB,Domestic,122.35
2026-10-21,19:00,AK 215,KUL,SDK,Domestic,263.75
2026-10-21,20:00,AK 226,KUL,TWU,Domestic,340.32
2026-10-21,20:45,AK 218,KUL,SDK,Domestic,279.45
2026-10-21,21:15,AK 283,KUL,DPS,International,473.12
2026-10-21,22:00,AK 320,KUL,SUB,International,452.62
2026-10-21,22:15,AK 204,KUL,KCH,Domestic,216.16
2026-10-21,22:15,AK 231,KUL,TWU,Domestic,314.56
2026-10-22,06:00,AK 101,KUL,PEN,Domestic,117.58
2026-10-22,06:45,AK 146,KUL,KTA,Domestic,137.73
2026-10-22,07:15,AK 207,KUL,MYY,Domestic,256.55
2026-10-22,07:30,AK 117,KUL,JHB,Domestic,110.91
2026-10-22,07:45,AK 104,KUL,PEN,Domestic,167.27
2026-10-22,08:45,AK 151,KUL,KTA,Domestic,127.81
2026-10-22,09:00,AK 167,KUL,TGG,Domestic,167.0
2026-10-22,10:15,AK 255,KUL,CGK,International,493.25
2026-10-22,10:45,AK 287,KUL,KNO,International,316.44
2026-10-22,11:15,AK 129,KUL,LGK,Domestic,146.81
2026-10-22,12:45,AK 236,KUL,SIN,International,275.49
2026-10-22,13:45,AK 132,KUL,LGK,Domestic,211.43
2026-10-22,14:30,AK 223,KUL,TWU,Domestic,289.86
2026-10-22,14:45,AK 112,KUL,PEN,Domestic,148.25
2026-10-22,15:15,AK 314,KUL,SUB,International,520.2
2026-10-22,15:45,AK 293,KUL,KNO,International,305.12
2026-10-22,16:00,AK 178,KUL,BKI,Domestic,236.24
2026-10-22,16:15,AK 278,KUL,DPS,International,573.9
2026-10-22,16:30,AK 298,KUL,KNO,International,369.9
2026-10-22,17:15,AK 302,KUL,KNO,International,365.14
2026-10-22,17:45,AK 263,KUL,CGK,International,365.45
2026-10-22,18:00,AK 182,KUL,BKI,Domestic,261.38
2026-10-22,19:00,AK 215,KUL,SDK,Domestic,274.36
2026-10-22,19:00,AK 123,KUL,JHB,Domestic,113.85
2026-10-22,19:15,AK 188,KUL,BKI,Domestic,243.01
2026-10-22,21:15,AK 283,KUL,DPS,International,473.68
2026-10-22,22:00,AK 192,KUL,BKI,Domestic,334.88
2026-10-22,22:00,AK 320,KUL,SUB,International,417.62
2026-10-22,22:15,AK 204,KUL,KCH,Domestic,243.44
2026-10-22,22:15,AK 231,KUL,TWU,Domestic,313.08
2026-10-23,06:45,AK 146,KUL,KTA,Domestic,163.92
2026-10-23,06:45,AK 126,KUL,LGK,Domestic,222.61
2026-10-23,07:15,AK 207,KUL,MYY,Domestic,374.1
2026-10-23,07:30,AK 117,KUL,JHB,Domestic,131.74
2026-10-23,07:30,AK 195,KUL,KCH,Domestic,269.67
2026-10-23,07:45,AK 104,KUL,PEN,Domestic,138.73
2026-10-23,08:45,AK 209,KUL,MYY,Domestic,300.61
2026-10-23,08:45,AK 151,KUL,KTA,Domestic,194.81
2026-10-23,09:00,AK 266,KUL,DPS,International,553.44
2026-10-23,09:00,AK 167,KUL,TGG,Domestic,141.49
2026-10-23,10:15,AK 255,KUL,CGK,International,563.52
2026-10-23,10:30,AK 170,KUL,TGG,Domestic,145.04
2026-10-23,11:00,AK 157,KUL,KTA,Domestic,150.83
2026-10-23,11:15,AK 109,KUL,PEN,Domestic,145.27
2026-10-23,11:30,AK 258,KUL,CGK,International,560.34
2026-10-23,11:30,AK 271,KUL,DPS,International,646.26
2026-10-23,11:30,AK 199,KUL,KCH,Domestic,268.41
2026-10-23,12:00,AK 291,KUL,KNO,International,375.86
2026-10-23,12:45,AK 236,KUL,SIN,International,351.66
2026-10-23,13:45,AK 132,KUL,LGK,Domestic,209.96
2026-10-23,14:45,AK 112,KUL,PEN,Domestic,153.91
2026-10-23,15:15,AK 314,KUL,SUB,International,493.2
2026-10-23,15:45,AK 247,KUL,SIN,International,356.9
2026-10-23,15:45,AK 293,KUL,KNO,International,379.52
2026-10-23,16:15,AK 278,KUL,DPS,International,789.11
2026-10-23,16:30,AK 138,KUL,LGK,Domestic,175.46
2026-10-23,17:15,AK 302,KUL,KNO,International,400.99
2026-10-23,17:45,AK 263,KUL,CGK,International,465.72
2026-10-23,18:00,AK 182,KUL,BKI,Domestic,341.74
2026-10-23,19:00,AK 215,KUL,SDK,Domestic,346.46
2026-10-23,19:45,AK 318,KUL,SUB,International,526.38
2026-10-23,20:00,AK 226,KUL,TWU,Domestic,372.5
2026-10-23,20:45,AK 251,KUL,SIN,International,396.55
2026-10-23,21:15,AK 283,KUL,DPS,International,550.87
2026-10-23,22:00,AK 192,KUL,BKI,Domestic,356.04
2026-10-23,22:15,AK 231,KUL,TWU,Domestic,364.87
2026-10-23,22:15,AK 141,KUL,LGK,Domestic,175.62
2026-10-23,22:15,AK 204,KUL,KCH,Domestic,255.83
2026-10-24,06:00,AK 101,KUL,PEN,Domestic,158.82
2026-10-24,06:45,AK 146,KUL,KTA,Domestic,162.82
2026-10-24,06:45,AK 126,KUL,LGK,Domestic,171.48
2026-10-24,07:00,AK 163,KUL,TGG,Domestic,164.89
2026-10-24,07:15,AK 207,KUL,MYY,Domestic,452.14
2026-10-24,07:30,AK 117,KUL,JHB,Domestic,155.12
2026-10-24,07:45,AK 104,KUL,PEN,Domestic,179.07
2026-10-24,08:45,AK 151,KUL,KTA,Domestic,187.66
2026-10-24,09:00,AK 266,KUL,DPS,International,560.03
2026-10-24,09:00,AK 167,KUL,TGG,Domestic,239.77
2026-10-24,10:15,AK 255,KUL,CGK,International,615.9
2026-10-24,10:30,AK 170,KUL,TGG,Domestic,164.89
2026-10-24,10:45,AK 287,KUL,KNO,International,430.9
2026-10-24,11:00,AK 173,KUL,TGG,Domestic,145.31
2026-10-24,11:00,AK 157,KUL,KTA,Domestic,156.25
2026-10-24,11:15,AK 129,KUL,LGK,Domestic,185.74
2026-10-24,11:30,AK 271,KUL,DPS,International,602.05
2026-10-24,11:30,AK 199,KUL,KCH,Domestic,306.73
2026-10-24,12:15,AK 308,KUL,SUB,International,916.44
2026-10-24,13:45,AK 273,KUL,DPS,International,597.16
2026-10-24,13:45,AK 132,KUL,LGK,Domestic,198.95
2026-10-24,14:30,AK 242,KUL,SIN,International,366.45
2026-10-24,14:45,AK 112,KUL,PEN,Domestic,177.54
2026-10-24,15:15,AK 314,KUL,SUB,International,615.89
2026-10-24,15:45,AK 247,KUL,SIN,International,534.93
2026-10-24,15:45,AK 293,KUL,KNO,International,501.97
2026-10-24,16:00,AK 178,KUL,BKI,Domestic,351.81
2026-10-24,16:15,AK 278,KUL,DPS,International,619.18
2026-10-24,16:30,AK 138,KUL,LGK,Domestic,193.18
2026-10-24,19:00,AK 215,KUL,SDK,Domestic,433.62
2026-10-24,19:15,AK 188,KUL,BKI,Domestic,306.63
2026-10-24,19:45,AK 318,KUL,SUB,International,835.46
2026-10-24,20:45,AK 218,KUL,SDK,Domestic,336.37
2026-10-24,22:00,AK 192,KUL,BKI,Domestic,313.05
2026-10-24,22:00,AK 320,KUL,SUB,International,532.47
2026-10-24,22:15,AK 141,KUL,LGK,Domestic,274.51
2026-10-25,06:00,AK 101,KUL,PEN,Domestic,159.85
2026-10-25,06:45,AK 146,KUL,KTA,Domestic,189.39
2026-10-25,06:45,AK 126,KUL,LGK,Domestic,171.4
2026-10-25,07:00,AK 163,KUL,TGG,Domestic,197.39
2026-10-25,07:30,AK 117,KUL,JHB,Domestic,154.01
2026-10-25,07:45,AK 104,KUL,PEN,Domestic,163.73
2026-10-25,08:45,AK 151,KUL,KTA,Domestic,180.29
2026-10-25,08:45,AK 209,KUL,MYY,Domestic,319.84
2026-10-25,09:00,AK 266,KUL,DPS,International,545.14
2026-10-25,09:00,AK 167,KUL,TGG,Domestic,174.82
2026-10-25,10:15,AK 255,KUL,CGK,International,525.41
2026-10-25,10:30,AK 170,KUL,TGG,Domestic,218.74
2026-10-25,10:45,AK 287,KUL,KNO,International,588.11
2026-10-25,11:00,AK 157,KUL,KTA,Domestic,203.64
2026-10-25,11:00,AK 173,KUL,TGG,Domestic,202.7
2026-10-25,11:15,AK 129,KUL,LGK,Domestic,185.86
2026-10-25,11:30,AK 258,KUL,CGK,International,518.26
2026-10-25,11:30,AK 271,KUL,DPS,International,600.42
2026-10-25,11:30,AK 199,KUL,KCH,Domestic,305.56
2026-10-25,12:00,AK 291,KUL,KNO,International,420.98
2026-10-25,12:45,AK 236,KUL,SIN,International,511.72
2026-10-25,13:45,AK 273,KUL,DPS,International,544.28
2026-10-25,13:45,AK 132,KUL,LGK,Domestic,258.32
2026-10-25,14:30,AK 223,KUL,TWU,Domestic,353.74
2026-10-25,14:30,AK 242,KUL,SIN,International,353.2
2026-10-25,15:45,AK 293,KUL,KNO,International,411.57
2026-10-25,16:00,AK 178,KUL,BKI,Domestic,343.72
2026-10-25,16:15,AK 278,KUL,DPS,International,710.28
2026-10-25,16:30,AK 298,KUL,KNO,International,391.24
2026-10-25,16:30,AK 138,KUL,LGK,Domestic,191.93
2026-10-25,17:15,AK 302,KUL,KNO,International,409.88
2026-10-25,17:45,AK 263,KUL,CGK,International,540.42
2026-10-25,19:00,AK 123,KUL,JHB,Domestic,204.35
2026-10-25,19:00,AK 215,KUL,SDK,Domestic,390.65
2026-10-25,19:15,AK 188,KUL,BKI,Domestic,288.21
2026-10-25,19:45,AK 318,KUL,SUB,International,562.81
2026-10-25,20:00,AK 226,KUL,TWU,Domestic,544.38
2026-10-25,21:15,AK 283,KUL,DPS,International,665.04
2026-10-25,22:00,AK 320,KUL,SUB,International,546.43
2026-10-25,22:00,AK 192,KUL,BKI,Domestic,334.65
2026-10-25,22:15,AK 231,KUL,TWU,Domestic,377.29
2026-10-26,06:00,AK 101,KUL,PEN,Domestic,134.78
2026-10-26,06:45,AK 146,KUL,KTA,Domestic,136.16
2026-10-26,07:15,AK 207,KUL,MYY,Domestic,416.56
2026-10-26,07:30,AK 195,KUL,KCH,Domestic,316.59
2026-10-26,07:45,AK 104,KUL,PEN,Domestic,199.09
2026-10-26,08:45,AK 209,KUL,MYY,Domestic,255.0
2026-10-26,09:00,AK 167,KUL,TGG,Domestic,151.27
2026-10-26,09:00,AK 266,KUL,DPS,International,627.24
2026-10-26,10:30,AK 170,KUL,TGG,Domestic,219.45
2026-10-26,11:00,AK 173,KUL,TGG,Domestic,151.31
2026-10-26,11:00,AK 157,KUL,KTA,Domestic,216.83
2026-10-26,11:30,AK 199,KUL,KCH,Domestic,230.44
2026-10-26,11:30,AK 258,KUL,CGK,International,446.11
2026-10-26,12:00,AK 291,KUL,KNO,International,413.52
2026-10-26,12:45,AK 236,KUL,SIN,International,386.65
2026-10-26,13:45,AK 132,KUL,LGK,Domestic,158.07
2026-10-26,15:15,AK 314,KUL,SUB,International,492.38
2026-10-26,15:45,AK 247,KUL,SIN,International,345.19
2026-10-26,16:00,AK 178,KUL,BKI,Domestic,358.63
2026-10-26,16:30,AK 138,KUL,LGK,Domestic,163.41
2026-10-26,16:30,AK 298,KUL,KNO,International,339.94
2026-10-26,17:15,AK 302,KUL,KNO,International,409.74
2026-10-26,20:00,AK 226,KUL,TWU,Domestic,520.36
2026-10-26,20:45,AK 251,KUL,SIN,International,346.35
2026-10-26,20:45,AK 218,KUL,SDK,Domestic,346.56
2026-10-26,21:15,AK 283,KUL,DPS,International,469.55
2026-10-26,22:00,AK 320,KUL,SUB,International,476.26
2026-10-26,22:15,AK 141,KUL,LGK,Domestic,175.77
2026-10-27,06:00,AK 101,KUL,PEN,Domestic,151.24
2026-10-27,06:45,AK 146,KUL,KTA,Domestic,142.31
2026-10-27,06:45,AK 126,KUL,LGK,Domestic,150.62
2026-10-27,07:45,AK 104,KUL,PEN,Domestic,149.47
2026-10-27,09:00,AK 266,KUL,DPS,International,555.94
2026-10-27,10:15,AK 255,KUL,CGK,International,534.33
2026-10-27,10:30,AK 170,KUL,TGG,Domestic,187.38
2026-10-27,11:00,AK 173,KUL,TGG,Domestic,144.11
2026-10-27,11:15,AK 109,KUL,PEN,Domestic,134.33
2026-10-27,11:30,AK 199,KUL,KCH,Domestic,238.28
2026-10-27,11:30,AK 258,KUL,CGK,International,522.62
2026-10-27,12:00,AK 291,KUL,KNO,International,349.53
2026-10-27,12:15,AK 308,KUL,SUB,International,532.46
2026-10-27,13:45,AK 273,KUL,DPS,International,546.63
2026-10-27,13:45,AK 132,KUL,LGK,Domestic,181.83
2026-10-27,14:30,AK 223,KUL,TWU,Domestic,346.44
2026-10-27,14:45,AK 112,KUL,PEN,Domestic,150.93
2026-10-27,15:15,AK 314,KUL,SUB,International,480.29
2026-10-27,15:45,AK 247,KUL,SIN,International,499.56
2026-10-27,16:30,AK 138,KUL,LGK,Domestic,156.12
2026-10-27,17:15,AK 302,KUL,KNO,International,473.5
2026-10-27,17:45,AK 263,KUL,CGK,International,614.24
2026-10-27,19:00,AK 215,KUL,SDK,Domestic,460.86
2026-10-27,19:15,AK 188,KUL,BKI,Domestic,269.58
2026-10-27,19:45,AK 318,KUL,SUB,International,750.27
2026-10-27,20:45,AK 218,KUL,SDK,Domestic,356.27
2026-10-27,21:15,AK 283,KUL,DPS,International,545.88
2026-10-27,22:00,AK 192,KUL,BKI,Domestic,286.68
2026-10-27,22:15,AK 204,KUL,KCH,Domestic,245.59
2026-10-27,22:15,AK 141,KUL,LGK,Domestic,167.35
2026-10-28,06:00,AK 101,KUL,PEN,Domestic,200.02
2026-10-28,06:45,AK 146,KUL,KTA,Domestic,148.93
2026-10-28,07:15,AK 207,KUL,MYY,Domestic,391.99
2026-10-28,07:30,AK 195,KUL,KCH,Domestic,271.44
2026-10-28,07:45,AK 104,KUL,PEN,Domestic,179.79
2026-10-28,08:45,AK 209,KUL,MYY,Domestic,299.25
2026-10-28,09:00,AK 266,KUL,DPS,International,464.76
2026-10-28,10:15,AK 255,KUL,CGK,International,409.55
2026-10-28,10:30,AK 170,KUL,TGG,Domestic,154.99
2026-10-28,10:45,AK 287,KUL,KNO,International,428.41
2026-10-28,11:00,AK 157,KUL,KTA,Domestic,221.68
2026-10-28,11:30,AK 271,KUL,DPS,International,760.83
2026-10-28,12:00,AK 291,KUL,KNO,International,465.56
2026-10-28,12:15,AK 308,KUL,SUB,International,498.48
2026-10-28,12:45,AK 236,KUL,SIN,International,322.08
2026-10-28,13:45,AK 132,KUL,LGK,Domestic,171.28
2026-10-28,13:45,AK 273,KUL,DPS,International,534.18
2026-10-28,14:30,AK 242,KUL,SIN,International,340.55
2026-10-28,15:15,AK 314,KUL,SUB,International,480.51
2026-10-28,15:45,AK 293,KUL,KNO,International,441.17
2026-10-28,16:00,AK 178,KUL,BKI,Domestic,306.42
2026-10-28,16:15,AK 278,KUL,DPS,International,587.0
2026-10-28,16:30,AK 138,KUL,LGK,Domestic,223.11
2026-10-28,17:15,AK 302,KUL,KNO,International,367.84
2026-10-28,17:45,AK 263,KUL,CGK,International,676.26
2026-10-28,18:00,AK 182,KUL,BKI,Domestic,368.53
2026-10-28,19:00,AK 123,KUL,JHB,Domestic,136.46
2026-10-28,20:00,AK 226,KUL,TWU,Domestic,424.71
2026-10-28,20:45,AK 251,KUL,SIN,International,371.23
2026-10-28,21:15,AK 283,KUL,DPS,International,546.91
2026-10-28,22:00,AK 320,KUL,SUB,International,524.52
2026-10-28,22:00,AK 192,KUL,BKI,Domestic,281.97
2026-10-28,22:15,AK 231,KUL,TWU,Domestic,347.8
2026-10-28,22:15,AK 141,KUL,LGK,Domestic,155.19
2026-10-29,06:00,AK 101,KUL,PEN,Domestic,149.13
2026-10-29,07:30,AK 195,KUL,KCH,Domestic,269.95
2026-10-29,08:45,AK 151,KUL,KTA,Domestic,155.68
2026-10-29,09:00,AK 266,KUL,DPS,International,592.3
2026-10-29,11:00,AK 173,KUL,TGG,Domestic,153.14
2026-10-29,11:15,AK 109,KUL,PEN,Domestic,145.18
2026-10-29,11:30,AK 199,KUL,KCH,Domestic,298.47
2026-10-29,11:30,AK 271,KUL,DPS,International,517.9
2026-10-29,11:30,AK 258,KUL,CGK,International,472.82
2026-10-29,12:00,AK 291,KUL,KNO,International,396.37
2026-10-29,12:15,AK 308,KUL,SUB,International,728.87
2026-10-29,12:45,AK 236,KUL,SIN,International,335.24
2026-10-29,14:30,AK 223,KUL,TWU,Domestic,370.28
2026-10-29,15:15,AK 314,KUL,SUB,International,478.7
2026-10-29,15:45,AK 293,KUL,KNO,International,388.8
2026-10-29,16:00,AK 178,KUL,BKI,Domestic,395.69
2026-10-29,16:15,AK 278,KUL,DPS,International,792.23
2026-10-29,16:30,AK 138,KUL,LGK,Domestic,194.61
2026-10-29,16:30,AK 298,KUL,KNO,International,379.37
2026-10-29,17:15,AK 302,KUL,KNO,International,527.99
2026-10-29,17:45,AK 263,KUL,CGK,International,434.66
2026-10-29,18:00,AK 182,KUL,BKI,Domestic,391.12
2026-10-29,19:00,AK 215,KUL,SDK,Domestic,363.01
2026-10-29,19:15,AK 188,KUL,BKI,Domestic,382.81
2026-10-29,20:00,AK 226,KUL,TWU,Domestic,368.42
2026-10-29,20:45,AK 251,KUL,SIN,International,308.34
2026-10-29,21:15,AK 283,KUL,DPS,International,530.56
2026-10-29,22:15,AK 141,KUL,LGK,Domestic,155.24
2026-10-30,06:00,AK 101,KUL,PEN,Domestic,176.26
2026-10-30,06:45,AK 126,KUL,LGK,Domestic,198.82
2026-10-30,07:30,AK 195,KUL,KCH,Domestic,335.9
2026-10-30,07:45,AK 104,KUL,PEN,Domestic,169.64
2026-10-30,08:45,AK 209,KUL,MYY,Domestic,486.07
2026-10-30,09:00,AK 167,KUL,TGG,Domestic,171.81
2026-10-30,10:15,AK 255,KUL,CGK,International,688.63
2026-10-30,10:45,AK 287,KUL,KNO,International,413.51
2026-10-30,11:00,AK 173,KUL,TGG,Domestic,183.47
2026-10-30,11:00,AK 157,KUL,KTA,Domestic,227.98
2026-10-30,11:15,AK 109,KUL,PEN,Domestic,258.87
2026-10-30,11:15,AK 129,KUL,LGK,Domestic,296.73
2026-10-30,11:30,AK 271,KUL,DPS,International,620.25
2026-10-30,12:00,AK 291,KUL,KNO,International,412.74
2026-10-30,13:45,AK 273,KUL,DPS,International,607.24
2026-10-30,14:30,AK 242,KUL,SIN,International,420.0
2026-10-30,14:30,AK 223,KUL,TWU,Domestic,431.59
2026-10-30,15:45,AK 247,KUL,SIN,International,487.75
2026-10-30,15:45,AK 293,KUL,KNO,International,460.87
2026-10-30,16:00,AK 178,KUL,BKI,Domestic,532.57
2026-10-30,16:15,AK 278,KUL,DPS,International,688.68
2026-10-30,16:30,AK 298,KUL,KNO,International,666.31
2026-10-30,17:15,AK 302,KUL,KNO,International,478.92
2026-10-30,18:00,AK 182,KUL,BKI,Domestic,338.11
2026-10-30,19:15,AK 188,KUL,BKI,Domestic,425.94
2026-10-30,19:45,AK 318,KUL,SUB,International,593.08
2026-10-30,20:00,AK 226,KUL,TWU,Domestic,414.57
2026-10-30,20:45,AK 251,KUL,SIN,International,406.29
2026-10-30,22:15,AK 231,KUL,TWU,Domestic,409.52
2026-10-30,22:15,AK 141,KUL,LGK,Domestic,288.51
